rank,source,enemy_id,tempno,name,total140,avg_score,avg_net,vs_earth_score,vs_earth_net,vs_water_score,vs_water_net,vs_fire_score,vs_fire_net,vs_wind_score,vs_wind_net,script,floor,floors
1,task_getpet,1691,853,柯黑穆肯,10955,4382,0.39999999999999997,4382,0.39999999999999997,4382,0.39999999999999997,4382,0.39999999999999997,4382,0.39999999999999997,genout/msg_116_37_20,116,116
2,capture_lv1,,145,萨德迪比,2999,3535,1.1787600061576355,1324,0.4413793103448275,3280,1.09375,6795,2.2656250000000004,2742,0.9142857142857144,,,41
3,task_getpet,2258,933,菲奇亚,2853,3495,1.225,2853,1.0,1141,0.39999999999999997,2853,1.0,7132,2.5,genout/msg_116_37_20,116,116
4,capture_lv1,,801,摩米索拉,2726,3339,1.225,2726,1.0,6815,2.5,2726,1.0,1090,0.39999999999999997,,,7025
5,capture_lv1,,118,萨法莱欧,2908,3327,1.1441384063506828,1412,0.4857142857142857,2432,0.8363636363636363,5987,2.058823529411765,3477,1.1956521739130435,,,7025
6,task_getpet,2575,205,扬奇洛斯,2716,3327,1.225,1086,0.39999999999999997,2716,1.0,6790,2.5,2716,1.0,genout/msg_116_37_20,116,116
7,capture_lv1,,1096,罗特克拉,2676,3278,1.225,1070,0.39999999999999997,2676,1.0,6690,2.5,2676,1.0,,,817
8,capture_lv1,,146,萨德斯凯,2752,3244,1.1787600061576358,3010,1.09375,1215,0.4413793103448275,2516,0.9142857142857144,6235,2.2656250000000004,,,42
9,task_getpet,2576,206,邦奇诺,2643,3238,1.225,2643,1.0,1057,0.39999999999999997,2643,1.0,6608,2.5,genout/msg_116_37_20,116,116
10,capture_lv1,,1111,洛安奇,2744,3234,1.1787600061576355,3001,1.09375,6217,2.2656250000000004,2509,0.9142857142857144,1211,0.4413793103448275,,,8003
11,task_getpet,2574,204,利则诺顿,2629,3220,1.225,2629,1.0,6572,2.5,2629,1.0,1052,0.39999999999999997,genout/msg_116_37_20,116,116
12,capture_lv1,,1112,洛斯克,2716,3202,1.1787600061576355,1199,0.4413793103448275,2971,1.09375,6153,2.2656250000000004,2483,0.9142857142857144,,,7025
13,capture_lv1,,814,邦司凉朵,2604,3190,1.225,1042,0.39999999999999997,2604,1.0,6510,2.5,2604,1.0,,,7025
14,task_getpet,1802,908,莫拉司,2820,3159,1.1200922266139657,1504,0.5333333333333333,2158,0.7652173913043477,5288,1.875,3685,1.3068181818181819,scipt_plus/new_shuiguai/yuanzhang,60212,60212
15,capture_lv1,,148,弗丽雅,2654,3128,1.1787600061576355,2427,0.9142857142857144,6013,2.2656250000000004,2903,1.09375,1171,0.4413793103448275,,,7025
16,capture_lv1,,36,史卡皮克,2647,3120,1.1787600061576355,1168,0.4413793103448275,2420,0.9142857142857144,5997,2.2656250000000004,2895,1.09375,,,7025
17,capture_lv1,,791,里昂蛙,2532,3102,1.225,2532,1.0,6330,2.5,2532,1.0,1013,0.39999999999999997,,,30693
18,capture_lv1,,1117,欧西摩米,2632,3102,1.1787600061576355,1162,0.4413793103448275,2406,0.9142857142857144,5963,2.2656250000000004,2879,1.09375,,,7025
19,task_getpet,1624,791,里昂蛙,2532,3102,1.225,2532,1.0,6330,2.5,2532,1.0,1013,0.39999999999999997,genout/msg_116_37_20,116,116
20,capture_lv1,,38,史卡皮顿,2618,3086,1.1787600061576355,5931,2.2656250000000004,2394,0.9142857142857144,1156,0.4413793103448275,2863,1.09375,,,7025
21,capture_lv1,,117,贝里莱欧,2675,3060,1.1441384063506828,2237,0.8363636363636363,5507,2.058823529411765,3198,1.1956521739130435,1299,0.4857142857142857,,,7025
22,capture_lv1,,1114,特雷吉洛,2495,3056,1.225,998,0.39999999999999997,2495,1.0,6238,2.5,2495,1.0,,,7025
23,capture_lv1,,179,莱恩洛克,2669,3054,1.1441384063506828,2232,0.8363636363636363,5495,2.058823529411765,3191,1.1956521739130435,1296,0.4857142857142857,,,7025
24,capture_lv1,,120,多帕莱欧,2661,3045,1.1441384063506825,5479,2.058823529411765,3182,1.1956521739130435,1292,0.4857142857142857,2226,0.8363636363636363,,,7025
25,capture_lv1,,176,哈沃恩,2582,3044,1.1787600061576355,2361,0.9142857142857144,5850,2.2656250000000004,2824,1.09375,1140,0.4413793103448275,,,7025
26,capture_lv1,,261,玛恩摩,2582,3044,1.1787600061576355,2361,0.9142857142857144,5850,2.2656250000000004,2824,1.09375,1140,0.4413793103448275,,,31904
27,capture_lv1,,1084,奥特普,2582,3044,1.1787600061576355,2361,0.9142857142857144,5850,2.2656250000000004,2824,1.09375,1140,0.4413793103448275,,,817
28,capture_lv1,,149,弗丽露,2581,3042,1.1787600061576358,2823,1.09375,1139,0.4413793103448275,2360,0.9142857142857144,5848,2.2656250000000004,,,7025
29,capture_lv1,,820,辛普洛斯,2579,3040,1.1787600061576355,1138,0.4413793103448275,2821,1.09375,5843,2.2656250000000004,2358,0.9142857142857144,,,500
30,capture_lv1,,129,贝路卡,2654,3036,1.1441384063506828,1289,0.4857142857142857,2220,0.8363636363636363,5464,2.058823529411765,3173,1.1956521739130435,,,7025
31,capture_lv1,,37,史卡皮奥,2574,3034,1.1787600061576358,2815,1.09375,1136,0.4413793103448275,2353,0.9142857142857144,5832,2.2656250000000004,,,7025
32,capture_lv1,,1083,塔克,2571,3031,1.1787600061576358,2812,1.09375,1135,0.4413793103448275,2351,0.9142857142857144,5825,2.2656250000000004,,,8014
33,capture_lv1,,119,鲁贝莱欧,2646,3028,1.1441384063506828,3164,1.1956521739130435,1285,0.4857142857142857,2213,0.8363636363636363,5448,2.058823529411765,,,7025
34,capture_lv1,,1110,史卡鲁,2472,3028,1.225,989,0.39999999999999997,2472,1.0,6180,2.5,2472,1.0,,,817
35,task_getpet,2420,136,葛利斯奈,2559,3016,1.1787600061576358,2799,1.09375,1129,0.4413793103448275,2340,0.9142857142857144,5798,2.2656250000000004,genout/msg_116_37_20,116,116
36,capture_lv1,,802,摩酷罗,2727,3003,1.10125,1745,0.64,4261,1.5625,4261,1.5625,1745,0.64,,,7025
37,capture_lv1,,1113,特雷克洛,2624,3002,1.1441384063506828,2195,0.8363636363636363,1275,0.4857142857142857,3137,1.1956521739130435,5402,2.058823529411765,,,7025
38,capture_lv1,,35,史卡皮诺,2545,3000,1.1787600061576355,2327,0.9142857142857144,5766,2.2656250000000004,2784,1.09375,1123,0.4413793103448275,,,7025
39,capture_lv1,,1119,艾尔摩米,2545,3000,1.1787600061576355,5766,2.2656250000000004,2327,0.9142857142857144,1123,0.4413793103448275,2784,1.09375,,,7025
40,capture_lv1,,80,克雷多,2621,2999,1.1441384063506828,2192,0.8363636363636363,1273,0.4857142857142857,3134,1.1956521739130435,5396,2.058823529411765,,,7025|30008
41,capture_lv1,,1070,雷比特,2665,2985,1.120092226613966,3483,1.3068181818181819,1421,0.5333333333333333,2039,0.7652173913043477,4997,1.875,,,7025
42,task_getpet,2515,1164,哈利恩斯,2436,2984,1.225,6090,2.5,2436,1.0,974,0.39999999999999997,2436,1.0,sa75/ler/ler8.arg,,
43,capture_lv1,,1091,柏洛德,2604,2979,1.1441384063506825,3113,1.1956521739130435,5361,2.058823529411765,2178,0.8363636363636363,1265,0.4857142857142857,,,7025
44,capture_lv1,,982,雷恩巴肯,2525,2976,1.1787600061576355,1114,0.4413793103448275,2309,0.9142857142857144,5721,2.2656250000000004,2762,1.09375,,,7025
45,task_getpet,1976,982,雷恩巴肯,2525,2976,1.1787600061576355,1114,0.4413793103448275,2309,0.9142857142857144,5721,2.2656250000000004,2762,1.09375,genout/msg_116_37_20,116,116
46,capture_lv1,,177,哈沃斯,2524,2975,1.1787600061576358,2761,1.09375,1114,0.4413793103448275,2308,0.9142857142857144,5718,2.2656250000000004,,,7025
47,capture_lv1,,812,斑尼迪克,2521,2972,1.1787600061576355,5712,2.2656250000000004,2305,0.9142857142857144,1113,0.4413793103448275,2757,1.09375,,,60054
48,task_getpet,1645,812,斑尼迪克,2521,2972,1.1787600061576355,5712,2.2656250000000004,2305,0.9142857142857144,1113,0.4413793103448275,2757,1.09375,genout/msg_116_37_20,116,116
49,task_getpet,2570,1185,布林特,2596,2970,1.1441384063506828,2171,0.8363636363636363,5345,2.058823529411765,3104,1.1956521739130435,1261,0.4857142857142857,jaruga/event/oev_edb,3000,3000
50,capture_lv1,,1095,罗多克雷,2579,2951,1.1441384063506825,3084,1.1956521739130435,5310,2.058823529411765,2157,0.8363636363636363,1253,0.4857142857142857,,,817
51,capture_lv1,,89,培罗多,2578,2950,1.1441384063506825,3082,1.1956521739130435,5308,2.058823529411765,2156,0.8363636363636363,1252,0.4857142857142857,,,7025|21007
52,task_getpet,1845,918,凯恩,2389,2926,1.225,5972,2.5,2389,1.0,956,0.39999999999999997,2389,1.0,genout/msg_116_37_20,116,116
53,capture_lv1,,767,梅尔顿,2387,2924,1.225,2387,1.0,5968,2.5,2387,1.0,955,0.39999999999999997,,,7025
54,capture_lv1,,1147,黑乌力王,2550,2918,1.1441384063506828,3049,1.1956521739130435,1239,0.4857142857142857,2133,0.8363636363636363,5250,2.058823529411765,,,7025
55,task_getpet,2546,203,帖伊诺斯,2643,2911,1.10125,4130,1.5625,1692,0.64,1692,0.64,4130,1.5625,genout/msg_116_37_20,116,116
56,capture_lv1,,127,多瑞里,2539,2905,1.1441384063506828,1233,0.4857142857142857,2124,0.8363636363636363,5227,2.058823529411765,3036,1.1956521739130435,,,817
57,capture_lv1,,263,玛摩那斯,2593,2904,1.1200922266139657,1984,0.7652173913043477,4862,1.875,3389,1.3068181818181819,1383,0.5333333333333333,,,300
58,capture_lv1,,1116,塔斯摩米,2458,2897,1.1787600061576355,2247,0.9142857142857144,5569,2.2656250000000004,2688,1.09375,1085,0.4413793103448275,,,7025
59,capture_lv1,,768,戈登尔顿,2528,2892,1.1441384063506828,5205,2.058823529411765,2114,0.8363636363636363,1228,0.4857142857142857,3023,1.1956521739130435,,,7025|11210
60,capture_lv1,,242,姆伊,2360,2891,1.225,944,0.39999999999999997,2360,1.0,5900,2.5,2360,1.0,,,31401
61,capture_lv1,,262,恩摩摩,2527,2891,1.1441384063506828,2113,0.8363636363636363,1227,0.4857142857142857,3021,1.1956521739130435,5203,2.058823529411765,,,31906
62,task_getpet,327,242,姆伊,2360,2891,1.225,944,0.39999999999999997,2360,1.0,5900,2.5,2360,1.0,sainasu/event/rion,100,100
63,task_getpet,2057,1047,洛奇斯德,2360,2891,1.225,944,0.39999999999999997,2360,1.0,5900,2.5,2360,1.0,genout/msg_116_37_20,116,116
64,capture_lv1,,1092,特雷沙,2517,2880,1.1441384063506825,1223,0.4857142857142857,3009,1.1956521739130435,5182,2.058823529411765,2105,0.8363636363636363,,,817
65,task_getpet,2573,208,邦浦洛斯,2613,2878,1.10125,4083,1.5625,1672,0.64,1672,0.64,4083,1.5625,genout/msg_116_37_20,116,116
66,capture_lv1,,1100,华可洛,2514,2876,1.1441384063506828,5176,2.058823529411765,2103,0.8363636363636363,1221,0.4857142857142857,3006,1.1956521739130435,,,7025
67,capture_lv1,,983,法亚巴肯,2438,2874,1.1787600061576358,2667,1.09375,1076,0.4413793103448275,2229,0.9142857142857144,5524,2.2656250000000004,,,7025
68,task_getpet,1977,983,法亚巴肯,2438,2874,1.1787600061576358,2667,1.09375,1076,0.4413793103448275,2229,0.9142857142857144,5524,2.2656250000000004,genout/msg_116_37_20,116,116
69,capture_lv1,,133,史克杰,2510,2872,1.1441384063506828,2099,0.8363636363636363,5168,2.058823529411765,3001,1.1956521739130435,1219,0.4857142857142857,,,817|7025
70,task_getpet,2571,1186,奈坎特,2597,2872,1.1059282822440717,1818,0.7000000000000001,1518,0.5846153846153846,3710,1.4285714285714284,4442,1.7105263157894737,race/mke.arg,,
71,capture_lv1,,125,斯达克,2600,2863,1.10125,1664,0.64,4062,1.5625,4062,1.5625,1664,0.64,,,817|7025
72,capture_lv1,,981,格林巴肯,2423,2856,1.1787600061576355,2215,0.9142857142857144,5490,2.2656250000000004,2650,1.09375,1069,0.4413793103448275,,,7025
73,capture_lv1,,1053,帖尼贝,2546,2852,1.1200922266139657,1358,0.5333333333333333,3327,1.3068181818181819,4774,1.875,1948,0.7652173913043477,,,7025
74,capture_lv1,,122,呼萨瑞,2491,2850,1.1441384063506825,1210,0.4857142857142857,2978,1.1956521739130435,5129,2.058823529411765,2083,0.8363636363636363,,,8009
75,capture_lv1,,1067,奇格拉,2539,2844,1.120092226613966,3318,1.3068181818181819,1354,0.5333333333333333,1943,0.7652173913043477,4761,1.875,,,817
76,task_getpet,1562,729,布依布依,2539,2844,1.1200922266139657,1354,0.5333333333333333,1943,0.7652173913043477,4761,1.875,3318,1.3068181818181819,sa50/eot/oev_edf,7200,7200
77,capture_lv1,,984,奇欧巴肯,2409,2840,1.1787600061576355,5458,2.2656250000000004,2635,1.09375,1063,0.4413793103448275,2203,0.9142857142857144,,,7025
78,task_getpet,1610,777,佩露夏,2318,2840,1.225,927,0.39999999999999997,2318,1.0,5795,2.5,2318,1.0,genout/msg_2006_23_14,2006,2006
79,capture_lv1,,728,布依布鲁,2525,2828,1.1200922266139657,1347,0.5333333333333333,3300,1.3068181818181819,4734,1.875,1932,0.7652173913043477,,,100
80,capture_lv1,,1079,康尔特,2396,2824,1.1787600061576355,1058,0.4413793103448275,2621,1.09375,5428,2.2656250000000004,2191,0.9142857142857144,,,817
81,capture_lv1,,1089,史比特,2518,2820,1.1200922266139657,1927,0.7652173913043477,4721,1.875,3291,1.3068181818181819,1343,0.5333333333333333,,,7025
82,capture_lv1,,1088,沙列克,2463,2818,1.1441384063506828,1196,0.4857142857142857,2060,0.8363636363636363,5071,2.058823529411765,2945,1.1956521739130435,,,7025
83,capture_lv1,,121,艾柏瑞,2462,2817,1.1441384063506828,5069,2.058823529411765,2059,0.8363636363636363,1196,0.4857142857142857,2944,1.1956521739130435,,,8000
84,capture_lv1,,787,梅鲁莎,2462,2817,1.1441384063506828,5069,2.058823529411765,2059,0.8363636363636363,1196,0.4857142857142857,2944,1.1956521739130435,,,31301
85,capture_lv1,,126,西斯达,2557,2816,1.10125,3995,1.5625,1636,0.64,1636,0.64,3995,1.5625,,,817|7025
86,capture_lv1,,1068,多格斯,2512,2814,1.1200922266139657,1922,0.7652173913043477,4710,1.875,3283,1.3068181818181819,1340,0.5333333333333333,,,8009
87,capture_lv1,,798,蒙哥拉斯,2550,2808,1.10125,3984,1.5625,3984,1.5625,1632,0.64,1632,0.64,,,7402
88,capture_lv1,,1065,卡伯,2539,2808,1.1059282822440717,1777,0.7000000000000001,4343,1.7105263157894737,3627,1.4285714285714284,1484,0.5846153846153846,,,817
89,capture_lv1,,128,贝瑞里,2453,2806,1.1441384063506825,2933,1.1956521739130435,5050,2.058823529411765,2052,0.8363636363636363,1191,0.4857142857142857,,,817
90,capture_lv1,,1090,艾斯坦,2546,2804,1.10125,1629,0.64,1629,0.64,3978,1.5625,3978,1.5625,,,7025
91,capture_lv1,,1074,特利斯克,2450,2803,1.1441384063506828,1190,0.4857142857142857,2049,0.8363636363636363,5044,2.058823529411765,2929,1.1956521739130435,,,817
92,capture_lv1,,1081,那尔斯,2377,2802,1.1787600061576355,2600,1.09375,5385,2.2656250000000004,2173,0.9142857142857144,1049,0.4413793103448275,,,817
93,capture_lv1,,322,萨美洛斯,2285,2799,1.225,914,0.39999999999999997,2285,1.0,5712,2.5,2285,1.0,,,7025
94,task_getpet,2569,1184,菲尔特,2439,2790,1.1441384063506828,2916,1.1956521739130435,1185,0.4857142857142857,2040,0.8363636363636363,5021,2.058823529411765,jaruga/event/oev_edb,3000,3000
95,capture_lv1,,1073,西柏克,2437,2788,1.1441384063506825,1184,0.4857142857142857,2914,1.1956521739130435,5017,2.058823529411765,2038,0.8363636363636363,,,817|7025
96,capture_lv1,,41,贝洛恩,2274,2786,1.225,910,0.39999999999999997,2274,1.0,5685,2.5,2274,1.0,,,9000|10101
97,capture_lv1,,790,艾尔蛙,2435,2786,1.1441384063506825,5013,2.058823529411765,2911,1.1956521739130435,1183,0.4857142857142857,2037,0.8363636363636363,,,701
98,capture_lv1,,1087,沙瓦克,2435,2786,1.1441384063506825,1183,0.4857142857142857,2911,1.1956521739130435,5013,2.058823529411765,2037,0.8363636363636363,,,817
99,capture_lv1,,770,瑞德宝,2273,2784,1.225,2273,1.0,909,0.39999999999999997,2273,1.0,5682,2.5,,,707|7025
100,capture_lv1,,251,布洛多斯,2360,2782,1.1787600061576355,2158,0.9142857142857144,5347,2.2656250000000004,2581,1.09375,1042,0.4413793103448275,,,5507
101,task_getpet,1621,788,尤里蛙,2482,2780,1.1200922266139657,1899,0.7652173913043477,4654,1.875,3244,1.3068181818181819,1324,0.5333333333333333,eden2/kraken/kraken88_03,60213,60213
102,capture_lv1,,13,布伊,2511,2777,1.1059282822440717,1758,0.7000000000000001,4295,1.7105263157894737,3587,1.4285714285714284,1468,0.5846153846153846,,,100|9000
103,task_getpet,15,13,布伊,2511,2777,1.1059282822440717,1758,0.7000000000000001,4295,1.7105263157894737,3587,1.4285714285714284,1468,0.5846153846153846,scipt_plus/fishlevelup/npc_at_100,100,100
104,task_getpet,17,15,卡布伊,2266,2776,1.225,2266,1.0,5665,2.5,2266,1.0,906,0.39999999999999997,jaruga/event/oev_ed1,4000,4000
105,capture_lv1,,264,玛恩摩洛斯,2517,2772,1.10125,1611,0.64,1611,0.64,3933,1.5625,3933,1.5625,,,300|9000
106,capture_lv1,,1109,史卡特,2418,2766,1.1441384063506825,2891,1.1956521739130435,4978,2.058823529411765,2022,0.8363636363636363,1174,0.4857142857142857,,,817
107,capture_lv1,,1118,洛德摩米,2344,2763,1.1787600061576358,2564,1.09375,1035,0.4413793103448275,2143,0.9142857142857144,5311,2.2656250000000004,,,7025
108,task_getpet,1818,914,古瓜,2255,2762,1.225,2255,1.0,5638,2.5,2255,1.0,902,0.39999999999999997,eden2/fight/fight-muruei,850,850
109,capture_lv1,,223,加格,2254,2761,1.225,902,0.39999999999999997,2254,1.0,5635,2.5,2254,1.0,,,9000|10203
110,capture_lv1,,766,格尔希洛,2409,2756,1.1441384063506828,1170,0.4857142857142857,2015,0.8363636363636363,4960,2.058823529411765,2880,1.1956521739130435,,,31203
111,capture_lv1,,1054,帖尼恩,2458,2753,1.1200922266139657,1881,0.7652173913043477,1311,0.5333333333333333,3212,1.3068181818181819,4609,1.875,,,7025
112,task_getpet,1795,902,葛雷洛比,2404,2750,1.1441384063506828,1168,0.4857142857142857,2011,0.8363636363636363,4949,2.058823529411765,2874,1.1956521739130435,sainasu/event/oev_edd,2000,2000
113,capture_lv1,,743,蓝龟,2242,2746,1.225,897,0.39999999999999997,2242,1.0,5605,2.5,2242,1.0,,,60009
114,task_getpet,1577,743,蓝龟,2242,2746,1.225,897,0.39999999999999997,2242,1.0,5605,2.5,2242,1.0,sainasu/event/oev_edc,1000,1000
115,capture_lv1,,11,布比,2398,2744,1.1441384063506828,2006,0.8363636363636363,4937,2.058823529411765,2867,1.1956521739130435,1165,0.4857142857142857,,,100
116,task_getpet,13,11,布比,2398,2744,1.1441384063506828,2006,0.8363636363636363,4937,2.058823529411765,2867,1.1956521739130435,1165,0.4857142857142857,jaruga/event/oev_ed1,4000,4000
117,capture_lv1,,815,布莱兹,2448,2742,1.1200922266139657,1306,0.5333333333333333,3199,1.3068181818181819,4590,1.875,1873,0.7652173913043477,,,5540
118,capture_lv1,,134,史菲洛,2394,2739,1.1441384063506828,2862,1.1956521739130435,1163,0.4857142857142857,2002,0.8363636363636363,4929,2.058823529411765,,,817|7025
119,capture_lv1,,1052,帖尼布,2444,2737,1.1200922266139657,3194,1.3068181818181819,4582,1.875,1870,0.7652173913043477,1303,0.5333333333333333,,,7025
120,capture_lv1,,1055,帖尼斯,2444,2737,1.1200922266139657,4582,1.875,1870,0.7652173913043477,1303,0.5333333333333333,3194,1.3068181818181819,,,7025
121,capture_lv1,,819,朱利洛斯,2439,2732,1.1200922266139657,1866,0.7652173913043477,4573,1.875,3187,1.3068181818181819,1301,0.5333333333333333,,,704
122,capture_lv1,,1105,夏普德,2467,2728,1.1059282822440717,3524,1.4285714285714284,1442,0.5846153846153846,1727,0.7000000000000001,4220,1.7105263157894737,,,817
123,capture_lv1,,255,邦恩多斯,2383,2726,1.1441384063506828,4906,2.058823529411765,1993,0.8363636363636363,1157,0.4857142857142857,2849,1.1956521739130435,,,500
124,task_getpet,483,255,邦恩多斯,2383,2726,1.1441384063506828,4906,2.058823529411765,1993,0.8363636363636363,1157,0.4857142857142857,2849,1.1956521739130435,chatroom/luck,,
125,task_getpet,1797,904,葛雷马恩,2375,2718,1.1441384063506828,4890,2.058823529411765,1986,0.8363636363636363,1154,0.4857142857142857,2840,1.1956521739130435,sainasu/event/oev_edd,2000,2000
126,capture_lv1,,1066,卡特,2457,2717,1.1059282822440717,3510,1.4285714285714284,1436,0.5846153846153846,1720,0.7000000000000001,4203,1.7105263157894737,,,8000
127,task_getpet,1796,903,葛雷吉鲁,2374,2716,1.1441384063506828,2838,1.1956521739130435,1153,0.4857142857142857,1986,0.8363636363636363,4888,2.058823529411765,sainasu/event/oev_edd,2000,2000
128,capture_lv1,,81,卡达鲁卡斯,2216,2714,1.225,2216,1.0,5540,2.5,2216,1.0,886,0.39999999999999997,,,9000|10601
129,capture_lv1,,1097,伊古雷,2423,2714,1.1200922266139657,1292,0.5333333333333333,1854,0.7652173913043477,4543,1.875,3166,1.3068181818181819,,,7025
130,capture_lv1,,1080,伯洛西,2371,2713,1.1441384063506828,1983,0.8363636363636363,1152,0.4857142857142857,2835,1.1956521739130435,4881,2.058823529411765,,,817
131,capture_lv1,,160,伦迪,2370,2712,1.1441384063506828,4879,2.058823529411765,1982,0.8363636363636363,1151,0.4857142857142857,2834,1.1956521739130435,,,7025
132,capture_lv1,,1098,伊克多,2452,2712,1.1059282822440717,1716,0.7000000000000001,4194,1.7105263157894737,3503,1.4285714285714284,1433,0.5846153846153846,,,817
133,capture_lv1,,755,杨格斯,2365,2706,1.1441384063506828,2828,1.1956521739130435,1149,0.4857142857142857,1978,0.8363636363636363,4869,2.058823529411765,,,60341
134,capture_lv1,,806,迪布恩,2296,2706,1.1787600061576355,1013,0.4413793103448275,2511,1.09375,5202,2.2656250000000004,2099,0.9142857142857144,,,30701
135,task_getpet,1660,755,杨格斯,2365,2706,1.1441384063506828,2828,1.1956521739130435,1149,0.4857142857142857,1978,0.8363636363636363,4869,2.058823529411765,genout/msg_116_37_20,116,116
136,task_getpet,1794,901,葛雷基欧,2359,2699,1.1441384063506825,2821,1.1956521739130435,4857,2.058823529411765,1973,0.8363636363636363,1146,0.4857142857142857,sainasu/event/oev_edd,2000,2000
137,task_getpet,1563,730,布依胖,2439,2697,1.1059282822440717,3484,1.4285714285714284,1426,0.5846153846153846,1707,0.7000000000000001,4172,1.7105263157894737,eden1/zoo1/manager82_01,7001,7001
138,task_getpet,1617,784,迪加,2357,2697,1.1441384063506828,1145,0.4857142857142857,1971,0.8363636363636363,4853,2.058823529411765,2818,1.1956521739130435,sa50/eot/oev_ede,7200,7200
139,capture_lv1,,979,朵巴奈特,2437,2695,1.1059282822440717,4169,1.7105263157894737,1706,0.7000000000000001,1425,0.5846153846153846,3481,1.4285714285714284,,,7025
140,task_getpet,1644,811,朵巴奈特,2437,2695,1.1059282822440717,4169,1.7105263157894737,1706,0.7000000000000001,1425,0.5846153846153846,3481,1.4285714285714284,genout/msg_116_37_20,116,116
141,task_getpet,2212,1133,波比,2353,2692,1.1441384063506828,4844,2.058823529411765,1968,0.8363636363636363,1143,0.4857142857142857,2813,1.1956521739130435,jaruga/event/oev_ed1,4000,4000
142,capture_lv1,,214,多洛布斯,2197,2691,1.225,2197,1.0,5492,2.5,2197,1.0,879,0.39999999999999997,,,7025
143,capture_lv1,,796,嘎吱拉,2442,2690,1.10125,1563,0.64,3816,1.5625,3816,1.5625,1563,0.64,,,60052
144,task_getpet,1592,759,里拉拉,2196,2690,1.225,878,0.39999999999999997,2196,1.0,5490,2.5,2196,1.0,sainasu/event/oev_edc,1000,1000
145,capture_lv1,,141,格尔顿,2195,2689,1.225,2195,1.0,5488,2.5,2195,1.0,878,0.39999999999999997,,,300
146,capture_lv1,,241,邦奇,2349,2688,1.1441384063506828,1141,0.4857142857142857,1965,0.8363636363636363,4836,2.058823529411765,2809,1.1956521739130435,,,21308
147,capture_lv1,,274,朵拉比斯,2194,2688,1.225,5485,2.5,2194,1.0,878,0.39999999999999997,2194,1.0,,,9000
148,task_getpet,341,274,朵拉比斯,2194,2688,1.225,5485,2.5,2194,1.0,878,0.39999999999999997,2194,1.0,seimu/event/event02_1,100,100
149,task_getpet,333,254,斯天多斯,2440,2687,1.10125,1562,0.64,3812,1.5625,3812,1.5625,1562,0.64,poru/team03,5535,5535
150,capture_lv1,,789,裘里蛙,2439,2686,1.10125,3811,1.5625,3811,1.5625,1561,0.64,1561,0.64,,,701
151,capture_lv1,,243,海主人,2346,2684,1.1441384063506825,1139,0.4857142857142857,2805,1.1956521739130435,4830,2.058823529411765,1962,0.8363636363636363,,,200
152,task_getpet,1625,792,欧瑟菲,2346,2684,1.1441384063506825,2805,1.1956521739130435,4830,2.058823529411765,1962,0.8363636363636363,1139,0.4857142857142857,sa50/eot/oev_ede,7200,7200
153,capture_lv1,,94,邦奇诺,2189,2682,1.225,2189,1.0,876,0.39999999999999997,2189,1.0,5472,2.5,,,300
154,task_getpet,57,94,邦奇诺,2189,2682,1.225,2189,1.0,876,0.39999999999999997,2189,1.0,5472,2.5,giiru/event/ev28_ed2,31706,31706
155,capture_lv1,,804,克洛恩,2434,2680,1.10125,1558,0.64,3803,1.5625,3803,1.5625,1558,0.64,,,60065
156,capture_lv1,,252,布林帖斯,2391,2678,1.1200922266139657,1275,0.5333333333333333,3125,1.3068181818181819,4483,1.875,1830,0.7652173913043477,,,32018
157,capture_lv1,,253,布拉奇多斯,2341,2678,1.1441384063506828,1958,0.8363636363636363,1137,0.4857142857142857,2799,1.1956521739130435,4820,2.058823529411765,,,400|9000
158,capture_lv1,,905,雷尔胖,2414,2670,1.1059282822440717,3449,1.4285714285714284,1411,0.5846153846153846,1690,0.7000000000000001,4129,1.7105263157894737,,,7000
159,task_getpet,2670,1280,家养的洛奇斯德,2180,2670,1.225,872,0.39999999999999997,2180,1.0,5450,2.5,2180,1.0,scipt_plus/fishshuimo/npc_at_7k,,
160,capture_lv1,,71,拉奇鲁哥,2173,2662,1.225,2173,1.0,869,0.39999999999999997,2173,1.0,5432,2.5,,,300
161,task_getpet,1816,913,古瓜,2172,2661,1.225,2172,1.0,5430,2.5,2172,1.0,869,0.39999999999999997,eden2/fight/fight-hans,7129,7129
162,capture_lv1,,74,鲁尼帖斯,2171,2660,1.225,2171,1.0,5428,2.5,2171,1.0,868,0.39999999999999997,,,100|9000
163,capture_lv1,,312,摩娜西普,2171,2660,1.225,5428,2.5,2171,1.0,868,0.39999999999999997,2171,1.0,,,9000
164,task_getpet,49,74,鲁尼帖斯,2171,2660,1.225,2171,1.0,5428,2.5,2171,1.0,868,0.39999999999999997,sainasu/event/rion,100,100
165,task_getpet,355,312,摩娜西普,2171,2660,1.225,5428,2.5,2171,1.0,868,0.39999999999999997,2171,1.0,giiru/event/event30_5,,
166,capture_lv1,,765,司尔顿,2373,2658,1.1200922266139657,1816,0.7652173913043477,4449,1.875,3101,1.3068181818181819,1266,0.5333333333333333,,,7352
167,task_getpet,1946,968,艾迪希洛,2411,2655,1.10125,1543,0.64,3767,1.5625,3767,1.5625,1543,0.64,jaruga/event/oev_ed1,4000,4000
168,capture_lv1,,786,波波顿,2317,2651,1.1441384063506828,1938,0.8363636363636363,4770,2.058823529411765,2770,1.1956521739130435,1125,0.4857142857142857,,,7000
169,capture_lv1,,91,利则诺顿,2163,2650,1.225,2163,1.0,5408,2.5,2163,1.0,865,0.39999999999999997,,,21013
170,task_getpet,54,91,利则诺顿,2163,2650,1.225,2163,1.0,5408,2.5,2163,1.0,865,0.39999999999999997,giiru/event/ev28_ed1,31706,31706
171,capture_lv1,,794,玛斯特,2360,2644,1.1200922266139657,1806,0.7652173913043477,4425,1.875,3084,1.3068181818181819,1259,0.5333333333333333,,,702
172,capture_lv1,,742,贝洛波波,2396,2638,1.10125,1533,0.64,1533,0.64,3744,1.5625,3744,1.5625,,,7025
173,task_getpet,1559,726,乌力莱德,2304,2636,1.1441384063506828,1119,0.4857142857142857,1927,0.8363636363636363,4744,2.058823529411765,2755,1.1956521739130435,eden3/pig/oody,7404,7404
174,task_getpet,1646,813,阿米朵,2379,2631,1.1059282822440717,4069,1.7105263157894737,3399,1.4285714285714284,1391,0.5846153846153846,1665,0.7000000000000001,sa50/eot/oev_edf,7200,7200
175,capture_lv1,,958,卡恩米兹,2347,2629,1.1200922266139657,1252,0.5333333333333333,1796,0.7652173913043477,4401,1.875,3067,1.3068181818181819,,,7025
176,task_getpet,2085,1069,洛比特,2344,2626,1.1200922266139657,1794,0.7652173913043477,4395,1.875,3063,1.3068181818181819,1250,0.5333333333333333,sa70/sound/sound1.arg,3400,3400
177,capture_lv1,,234,卡卡金宝,2291,2621,1.1441384063506828,1916,0.8363636363636363,1113,0.4857142857142857,2739,1.1956521739130435,4717,2.058823529411765,,,30601|30602|30603|30604|30606
178,capture_lv1,,818,莱姆洛斯,2367,2618,1.1059282822440717,3381,1.4285714285714284,4049,1.7105263157894737,1657,0.7000000000000001,1384,0.5846153846153846,,,702
179,capture_lv1,,785,砂鲨,2286,2615,1.1441384063506828,1912,0.8363636363636363,1110,0.4857142857142857,2733,1.1956521739130435,4706,2.058823529411765,,,60301
180,capture_lv1,,957,卡恩格登,2334,2614,1.1200922266139657,1786,0.7652173913043477,4376,1.875,3050,1.3068181818181819,1245,0.5333333333333333,,,7025
181,task_getpet,2547,401,玛蕾菲雅,2128,2607,1.225,2128,1.0,5320,2.5,2128,1.0,851,0.39999999999999997,sa75/spirit/spirit30026_11_14.arg,30026,30026
182,task_getpet,1479,718,玛蕾菲雅,2128,2607,1.225,2128,1.0,5320,2.5,2128,1.0,851,0.39999999999999997,king/event69_7,2000,2000
183,capture_lv1,,795,沙瓦列,2356,2606,1.1059282822440717,3366,1.4285714285714284,1377,0.5846153846153846,1649,0.7000000000000001,4030,1.7105263157894737,,,7025
184,capture_lv1,,325,拉可拉斯,2315,2593,1.1200922266139657,1235,0.5333333333333333,1771,0.7652173913043477,4341,1.875,3025,1.3068181818181819,,,32019
185,capture_lv1,,741,贝洛贝,2314,2592,1.1200922266139657,3024,1.3068181818181819,4339,1.875,1771,0.7652173913043477,1234,0.5333333333333333,,,7025
186,task_getpet,1638,805,布兰恩,2258,2584,1.1441384063506825,2700,1.1956521739130435,4649,2.058823529411765,1889,0.8363636363636363,1097,0.4857142857142857,sa50/eot/oev_ede,7200,7200
187,capture_lv1,,1085,那提拉,2342,2579,1.10125,1499,0.64,3659,1.5625,3659,1.5625,1499,0.64,,,7025
188,capture_lv1,,212,贝恩达斯,2253,2578,1.1441384063506825,1094,0.4857142857142857,2694,1.1956521739130435,4639,2.058823529411765,1884,0.8363636363636363,,,100
189,capture_lv1,,1086,布斯迪,2340,2577,1.10125,1498,0.64,1498,0.64,3656,1.5625,3656,1.5625,,,817
190,capture_lv1,,752,鲁拉其斯,2252,2576,1.1441384063506828,1883,0.8363636363636363,4636,2.058823529411765,2693,1.1956521739130435,1094,0.4857142857142857,,,708|7025
191,task_getpet,1893,946,伊蕾丝,2100,2572,1.225,840,0.39999999999999997,2100,1.0,5250,2.5,2100,1.0,eden3/princess/tori,7215,7215
192,capture_lv1,,23,加比奥,2098,2570,1.225,5245,2.5,2098,1.0,839,0.39999999999999997,2098,1.0,,,20307
193,capture_lv1,,1082,多尔克,2243,2566,1.1441384063506828,2682,1.1956521739130435,1089,0.4857142857142857,1876,0.8363636363636363,4618,2.058823529411765,,,7025
194,capture_lv1,,144,格尔格,2176,2565,1.1787600061576358,2380,1.09375,960,0.4413793103448275,1989,0.9142857142857144,4930,2.2656250000000004,,,31204
195,capture_lv1,,960,卡恩修比,2290,2565,1.1200922266139657,4294,1.875,2993,1.3068181818181819,1221,0.5333333333333333,1752,0.7652173913043477,,,7025
196,task_getpet,78,144,格尔格,2176,2565,1.1787600061576358,2380,1.09375,960,0.4413793103448275,1989,0.9142857142857144,4930,2.2656250000000004,jaruga/event/oev_edb,3000,3000
197,capture_lv1,,43,贝洛宝克尔,2288,2563,1.1200922266139657,1220,0.5333333333333333,2990,1.3068181818181819,4290,1.875,1751,0.7652173913043477,,,20507
198,capture_lv1,,224,邦恩吉,2236,2558,1.1441384063506825,1086,0.4857142857142857,2673,1.1956521739130435,4604,2.058823529411765,1870,0.8363636363636363,,,200
199,task_getpet,2048,1042,布洛多多,2309,2554,1.1059282822440717,3950,1.7105263157894737,3299,1.4285714285714284,1350,0.5846153846153846,1616,0.7000000000000001,sa50/dodo/dodo3.arg,60068,60068
200,capture_lv1,,774,耶普鲁,2084,2553,1.225,2084,1.0,834,0.39999999999999997,2084,1.0,5210,2.5,,,706|7025
201,capture_lv1,,959,卡恩法尔,2275,2548,1.120092226613966,2973,1.3068181818181819,1213,0.5333333333333333,1741,0.7652173913043477,4266,1.875,,,7025
202,capture_lv1,,142,奇拉顿,2225,2546,1.1441384063506828,1861,0.8363636363636363,4581,2.058823529411765,2660,1.1956521739130435,1081,0.4857142857142857,,,31204
203,capture_lv1,,736,威斯,2223,2544,1.1441384063506828,1080,0.4857142857142857,1859,0.8363636363636363,4577,2.058823529411765,2658,1.1956521739130435,,,703
204,task_getpet,1374,694,水的守护兽,2075,2542,1.225,830,0.39999999999999997,2075,1.0,5188,2.5,2075,1.0,genout/msg_116_37_20,116,116
205,capture_lv1,,3,乌力斯坦,2074,2541,1.225,2074,1.0,5185,2.5,2074,1.0,830,0.39999999999999997,,,100|997|11304|11305
206,capture_lv1,,717,小坦坦,2074,2541,1.225,2074,1.0,5185,2.5,2074,1.0,830,0.39999999999999997,,,11304|11305
207,task_getpet,11,3,乌力斯坦,2074,2541,1.225,2074,1.0,5185,2.5,2074,1.0,830,0.39999999999999997,jaruga/event/oev_ed1,4000,4000
208,capture_lv1,,749,特洛可斯,2307,2540,1.10125,1476,0.64,1476,0.64,3605,1.5625,3605,1.5625,,,7025
209,task_getpet,351,302,左迪洛斯,2217,2536,1.1441384063506828,1077,0.4857142857142857,1854,0.8363636363636363,4564,2.058823529411765,2651,1.1956521739130435,quiz/equiz_04,812,812
210,capture_lv1,,42,贝洛洛克,2261,2532,1.1200922266139657,1730,0.7652173913043477,4239,1.875,2955,1.3068181818181819,1206,0.5333333333333333,,,7025|10101
211,capture_lv1,,739,贝洛金,2288,2531,1.1059282822440717,3914,1.7105263157894737,1602,0.7000000000000001,1338,0.5846153846153846,3269,1.4285714285714284,,,60300
212,task_getpet,1363,690,邦奇,2211,2530,1.1441384063506828,1074,0.4857142857142857,1849,0.8363636363636363,4552,2.058823529411765,2644,1.1956521739130435,sainasu/event/oev_edc,1000,1000
213,capture_lv1,,92,扬奇洛斯,2257,2528,1.1200922266139657,1727,0.7652173913043477,1204,0.5333333333333333,2949,1.3068181818181819,4232,1.875,,,300
214,task_getpet,55,92,扬奇洛斯,2257,2528,1.1200922266139657,1727,0.7652173913043477,1204,0.5333333333333333,2949,1.3068181818181819,4232,1.875,giiru/event/ev28_ed3,31706,31706
215,capture_lv1,,143,齐尔格尔顿,2252,2522,1.1200922266139657,1723,0.7652173913043477,1201,0.5333333333333333,2943,1.3068181818181819,4222,1.875,,,300
216,capture_lv1,,95,布鲁顿,2201,2518,1.1441384063506828,4531,2.058823529411765,1841,0.8363636363636363,1069,0.4857142857142857,2632,1.1956521739130435,,,300
217,task_getpet,481,95,布鲁顿,2201,2518,1.1441384063506828,4531,2.058823529411765,1841,0.8363636363636363,1069,0.4857142857142857,2632,1.1956521739130435,giiru/event/ev28_ed5,31706,31706
218,capture_lv1,,12,金布伊,2245,2514,1.1200922266139657,4209,1.875,1718,0.7652173913043477,1197,0.5333333333333333,2934,1.3068181818181819,,,9000
219,task_getpet,14,12,金布伊,2245,2514,1.1200922266139657,4209,1.875,1718,0.7652173913043477,1197,0.5333333333333333,2934,1.3068181818181819,quiz/equiz_02,810,810
220,capture_lv1,,751,呼鲁鲁,2242,2512,1.1200922266139657,4204,1.875,1716,0.7652173913043477,1196,0.5333333333333333,2930,1.3068181818181819,,,700
221,capture_lv1,,88,朵洛将恩,2195,2511,1.1441384063506825,4519,2.058823529411765,2624,1.1956521739130435,1066,0.4857142857142857,1836,0.8363636363636363,,,32005
222,task_getpet,1926,965,鲁比,2195,2511,1.1441384063506828,2624,1.1956521739130435,1066,0.4857142857142857,1836,0.8363636363636363,4519,2.058823529411765,genout/msg_116_37_20,116,116
223,task_getpet,352,303,巴朵兰恩,2192,2508,1.1441384063506828,1833,0.8363636363636363,1065,0.4857142857142857,2621,1.1956521739130435,4513,2.058823529411765,poru/boy04,5511,5511
224,capture_lv1,,87,格洛格鲁,2267,2507,1.1059282822440717,1325,0.5846153846153846,1587,0.7000000000000001,3878,1.7105263157894737,3239,1.4285714285714284,,,32011
225,capture_lv1,,969,蒙奇,2238,2507,1.1200922266139657,4196,1.875,1713,0.7652173913043477,1194,0.5333333333333333,2925,1.3068181818181819,,,7025
226,task_getpet,1947,969,蒙奇,2238,2507,1.1200922266139657,4196,1.875,1713,0.7652173913043477,1194,0.5333333333333333,2925,1.3068181818181819,genout/msg_116_37_20,116,116
227,capture_lv1,,817,伊夫霍恩,2235,2504,1.1200922266139657,2921,1.3068181818181819,4191,1.875,1710,0.7652173913043477,1192,0.5333333333333333,,,5540
228,capture_lv1,,14,布伊比,2262,2501,1.1059282822440717,1583,0.7000000000000001,1322,0.5846153846153846,3231,1.4285714285714284,3869,1.7105263157894737,,,200
229,task_getpet,16,14,布伊比,2262,2501,1.1059282822440717,1583,0.7000000000000001,1322,0.5846153846153846,3231,1.4285714285714284,3869,1.7105263157894737,jaruga/event/oev_ed1,4000,4000
230,task_getpet,1481,719,迪欧,2271,2500,1.10125,1453,0.64,1453,0.64,3548,1.5625,3548,1.5625,poru/mary06,5538,5538
231,task_getpet,1483,720,鲁乌,2271,2500,1.10125,1453,0.64,1453,0.64,3548,1.5625,3548,1.5625,poru/mary04,5532,5532
232,capture_lv1,,292,克克洛斯,2039,2498,1.225,5098,2.5,2039,1.0,816,0.39999999999999997,2039,1.0,,,200
233,task_getpet,1613,780,麦丁布斯,2268,2498,1.10125,1452,0.64,1452,0.64,3544,1.5625,3544,1.5625,sa50/eot/oev_edf,7200,7200
234,capture_lv1,,233,奇卡宝斯,2229,2497,1.1200922266139657,4179,1.875,1706,0.7652173913043477,1189,0.5333333333333333,2913,1.3068181818181819,,,9000|31806
235,capture_lv1,,1104,多利可斯,2229,2497,1.1200922266139657,1706,0.7652173913043477,4179,1.875,2913,1.3068181818181819,1189,0.5333333333333333,,,7025
236,capture_lv1,,732,加斯奥,2181,2495,1.1441384063506828,2608,1.1956521739130435,1059,0.4857142857142857,1824,0.8363636363636363,4490,2.058823529411765,,,7025
237,capture_lv1,,213,多利凯拉,2225,2492,1.1200922266139657,1703,0.7652173913043477,4172,1.875,2908,1.3068181818181819,1187,0.5333333333333333,,,100
238,capture_lv1,,734,比比加,2249,2487,1.1059282822440717,1315,0.5846153846153846,3213,1.4285714285714284,3847,1.7105263157894737,1574,0.7000000000000001,,,703|7025
239,task_getpet,1604,771,毛宝,2220,2486,1.1200922266139657,4162,1.875,2901,1.3068181818181819,1184,0.5333333333333333,1699,0.7652173913043477,sa50/eot/oev_ede,7200,7200
240,capture_lv1,,44,贝洛宝利,2216,2482,1.1200922266139657,1696,0.7652173913043477,1182,0.5333333333333333,2896,1.3068181818181819,4155,1.875,,,10406
241,capture_lv1,,86,阿伊萨,2253,2481,1.10125,1442,0.64,3520,1.5625,3520,1.5625,1442,0.64,,,32009
242,capture_lv1,,221,克邦凯斯,2241,2478,1.1059282822440717,1310,0.5846153846153846,3201,1.4285714285714284,3833,1.7105263157894737,1569,0.7000000000000001,,,200|9000
243,capture_lv1,,735,乌宝依,2166,2478,1.1441384063506828,2590,1.1956521739130435,1052,0.4857142857142857,1812,0.8363636363636363,4459,2.058823529411765,,,707
244,capture_lv1,,172,卡拉宝斯,2209,2474,1.1200922266139657,1178,0.5333333333333333,2887,1.3068181818181819,4142,1.875,1690,0.7652173913043477,,,20404
245,task_getpet,94,172,卡拉宝斯,2209,2474,1.1200922266139657,1178,0.5333333333333333,2887,1.3068181818181819,4142,1.875,1690,0.7652173913043477,sainasu/event/rion,100,100
246,task_getpet,1590,757,克拉尔,2160,2472,1.1441384063506828,4447,2.058823529411765,1807,0.8363636363636363,1049,0.4857142857142857,2583,1.1956521739130435,sa50/eot/oev_edf,7200,7200
247,task_getpet,1611,778,萨格鲁,2244,2471,1.10125,1436,0.64,1436,0.64,3506,1.5625,3506,1.5625,eden3/karo/karo3,60343,60343
248,capture_lv1,,783,玻洛布斯,2234,2470,1.1059282822440717,3191,1.4285714285714284,3821,1.7105263157894737,1564,0.7000000000000001,1306,0.5846153846153846,,,708
249,capture_lv1,,84,洛奇安,2158,2469,1.1441384063506825,2580,1.1956521739130435,4443,2.058823529411765,1805,0.8363636363636363,1048,0.4857142857142857,,,21013
250,capture_lv1,,779,玛斯贝卡,2242,2469,1.10125,3503,1.5625,1435,0.64,1435,0.64,3503,1.5625,,,7402
251,capture_lv1,,733,加格雷依,2232,2468,1.1059282822440717,1305,0.5846153846153846,1562,0.7000000000000001,3818,1.7105263157894737,3189,1.4285714285714284,,,7025
252,capture_lv1,,82,柯伊达,2155,2466,1.1441384063506828,1802,0.8363636363636363,4437,2.058823529411765,2577,1.1956521739130435,1047,0.4857142857142857,,,10602
253,capture_lv1,,824,雷德力克斯,2239,2466,1.10125,1433,0.64,3498,1.5625,3498,1.5625,1433,0.64,,,7352
254,capture_lv1,,171,修宝,2152,2462,1.1441384063506828,1800,0.8363636363636363,4431,2.058823529411765,2573,1.1956521739130435,1045,0.4857142857142857,,,9000
255,task_getpet,93,171,修宝,2152,2462,1.1441384063506828,1800,0.8363636363636363,4431,2.058823529411765,2573,1.1956521739130435,1045,0.4857142857142857,seimu/event/event02_1,100,100
256,task_getpet,1641,808,摩里,2151,2461,1.1441384063506825,1045,0.4857142857142857,2572,1.1956521739130435,4429,2.058823529411765,1799,0.8363636363636363,sa50/eot/oev_edf,7200,7200
257,capture_lv1,,54,石龟,2087,2460,1.1787600061576355,2283,1.09375,4728,2.2656250000000004,1908,0.9142857142857144,921,0.4413793103448275,,,11004
258,task_getpet,39,54,石龟,2087,2460,1.1787600061576355,2283,1.09375,4728,2.2656250000000004,1908,0.9142857142857144,921,0.4413793103448275,sainasu/event/rion,100,100
259,capture_lv1,,775,芭拉芭,2083,2455,1.1787600061576355,1904,0.9142857142857144,4719,2.2656250000000004,2278,1.09375,919,0.4413793103448275,,,701
260,capture_lv1,,83,柯洛加斯,2218,2453,1.1059282822440717,1553,0.7000000000000001,1297,0.5846153846153846,3169,1.4285714285714284,3794,1.7105263157894737,,,10704
261,task_getpet,8001,724,巴朵兰恩,2222,2447,1.10125,1422,0.64,1422,0.64,3472,1.5625,3472,1.5625,genout/msg_116_37_20,116,116
262,capture_lv1,,174,多洛加,2183,2445,1.1200922266139657,1670,0.7652173913043477,1164,0.5333333333333333,2853,1.3068181818181819,4093,1.875,,,10407
263,capture_lv1,,114,凯比特,1994,2443,1.225,4985,2.5,1994,1.0,798,0.39999999999999997,1994,1.0,,,100
264,capture_lv1,,61,阿哥亚,2179,2441,1.1200922266139657,1667,0.7652173913043477,1162,0.5333333333333333,2848,1.3068181818181819,4086,1.875,,,30010
265,capture_lv1,,64,达克尔,2130,2437,1.1441384063506828,1035,0.4857142857142857,1781,0.8363636363636363,4385,2.058823529411765,2547,1.1956521739130435,,,100
266,capture_lv1,,731,加加,2203,2436,1.1059282822440717,1542,0.7000000000000001,3768,1.7105263157894737,3147,1.4285714285714284,1288,0.5846153846153846,,,703|7025
267,task_getpet,1929,966,莱比,2129,2436,1.1441384063506828,1034,0.4857142857142857,1781,0.8363636363636363,4383,2.058823529411765,2546,1.1956521739130435,eden3/pig/raido,7452,7452
268,capture_lv1,,301,奥卡洛斯,2201,2434,1.1059282822440717,1541,0.7000000000000001,3765,1.7105263157894737,3144,1.4285714285714284,1287,0.5846153846153846,,,31806
269,capture_lv1,,63,特洛昆,2172,2432,1.1200922266139657,2838,1.3068181818181819,4072,1.875,1662,0.7652173913043477,1158,0.5333333333333333,,,100
270,task_getpet,44,63,特洛昆,2172,2432,1.1200922266139657,2838,1.3068181818181819,4072,1.875,1662,0.7652173913043477,1158,0.5333333333333333,jaruga/event/event06_1,20401,20401
271,capture_lv1,,93,邦浦洛斯,2206,2430,1.10125,3447,1.5625,1412,0.64,1412,0.64,3447,1.5625,,,300
272,task_getpet,56,93,邦浦洛斯,2206,2430,1.10125,3447,1.5625,1412,0.64,1412,0.64,3447,1.5625,giiru/event/ev28_ed4,31706,31706
273,capture_lv1,,332,兰贝鲁斯,2168,2428,1.1200922266139657,1156,0.5333333333333333,1659,0.7652173913043477,4065,1.875,2833,1.3068181818181819,,,10702
274,capture_lv1,,33,乌卡鲁,2164,2424,1.1200922266139657,1154,0.5333333333333333,2828,1.3068181818181819,4058,1.875,1656,0.7652173913043477,,,200
275,capture_lv1,,716,小乌乌,2113,2417,1.1441384063506828,1767,0.8363636363636363,4350,2.058823529411765,2526,1.1956521739130435,1026,0.4857142857142857,,,11304|11305
276,capture_lv1,,747,尼加斯,2184,2416,1.1059282822440717,3736,1.7105263157894737,3120,1.4285714285714284,1277,0.5846153846153846,1529,0.7000000000000001,,,700
277,capture_lv1,,53,卡梅兰恩,2110,2414,1.1441384063506828,2523,1.1956521739130435,1025,0.4857142857142857,1765,0.8363636363636363,4344,2.058823529411765,,,11003
278,task_getpet,1656,823,巴克亚司,2155,2414,1.1200922266139657,4041,1.875,1649,0.7652173913043477,1149,0.5333333333333333,2816,1.3068181818181819,sa50/eot/oev_ede,7200,7200
279,capture_lv1,,222,加克拉,2188,2410,1.10125,1400,0.64,1400,0.64,3419,1.5625,3419,1.5625,,,10201
280,capture_lv1,,773,史凯鲁,2186,2408,1.10125,1399,0.64,3416,1.5625,3416,1.5625,1399,0.64,,,701
281,capture_lv1,,333,可利多洛斯,2148,2406,1.1200922266139657,1644,0.7652173913043477,4028,1.875,2807,1.3068181818181819,1146,0.5333333333333333,,,20405
282,task_getpet,365,333,可利多洛斯,2148,2406,1.1200922266139657,1644,0.7652173913043477,4028,1.875,2807,1.3068181818181819,1146,0.5333333333333333,jaruga/event/oev_ed1,4000,4000
283,capture_lv1,,273,加宝格恩,2184,2405,1.10125,3412,1.5625,3412,1.5625,1398,0.64,1398,0.64,,,30702
284,capture_lv1,,211,多利诺布斯,2146,2404,1.1200922266139657,1642,0.7652173913043477,1145,0.5333333333333333,2804,1.3068181818181819,4024,1.875,,,200|7025
285,task_getpet,353,304,帖拉所伊朵,2181,2402,1.10125,3408,1.5625,1396,0.64,1396,0.64,3408,1.5625,genout/msg_116_37_20,116,116
286,task_getpet,1381,304,帖拉所伊朵,2181,2402,1.10125,3408,1.5625,1396,0.64,1396,0.64,3408,1.5625,genout/msg_116_37_20,116,116
287,capture_lv1,,193,格鲁西斯,2090,2391,1.1441384063506828,2499,1.1956521739130435,1015,0.4857142857142857,1748,0.8363636363636363,4303,2.058823529411765,,,300
288,task_getpet,309,193,格鲁西斯,2090,2391,1.1441384063506828,2499,1.1956521739130435,1015,0.4857142857142857,1748,0.8363636363636363,4303,2.058823529411765,jaruga/event/oev_ed1,4000,4000
289,capture_lv1,,173,布克布克,2171,2390,1.10125,1389,0.64,1389,0.64,3392,1.5625,3392,1.5625,,,9000
290,capture_lv1,,737,威比,2134,2390,1.1200922266139657,4001,1.875,1633,0.7652173913043477,1138,0.5333333333333333,2789,1.3068181818181819,,,703
291,task_getpet,95,173,布克布克,2171,2390,1.10125,1389,0.64,1389,0.64,3392,1.5625,3392,1.5625,sainasu/event/event15_1,11006,11006
292,capture_lv1,,191,贝鲁卡,2160,2389,1.1059282822440717,1512,0.7000000000000001,3695,1.7105263157894737,3086,1.4285714285714284,1263,0.5846153846153846,,,200
293,task_getpet,307,191,贝鲁卡,2160,2389,1.1059282822440717,1512,0.7000000000000001,3695,1.7105263157894737,3086,1.4285714285714284,1263,0.5846153846153846,genout/msg_116_37_20,116,116
294,capture_lv1,,821,立杜鲁斯,2166,2385,1.10125,3384,1.5625,3384,1.5625,1386,0.64,1386,0.64,,,704|7025
295,capture_lv1,,65,柏克尔,2084,2384,1.1441384063506828,4291,2.058823529411765,1743,0.8363636363636363,1012,0.4857142857142857,2492,1.1956521739130435,,,41
296,capture_lv1,,2,乌力乌力,2154,2382,1.1059282822440717,1508,0.7000000000000001,1259,0.5846153846153846,3077,1.4285714285714284,3684,1.7105263157894737,,,816
297,task_getpet,1,2,乌力乌力,2154,2382,1.1059282822440717,1508,0.7000000000000001,1259,0.5846153846153846,3077,1.4285714285714284,3684,1.7105263157894737,sa75/ler/ler4.arg,,
298,task_getpet,10,2,乌力乌力,2154,2382,1.1059282822440717,1508,0.7000000000000001,1259,0.5846153846153846,3077,1.4285714285714284,3684,1.7105263157894737,jaruga/event/oev_ed1,4000,4000
299,capture_lv1,,192,贝鲁伊卡,2126,2381,1.1200922266139657,3986,1.875,1627,0.7652173913043477,1134,0.5333333333333333,2778,1.3068181818181819,,,200
300,capture_lv1,,294,奇宝,2080,2380,1.1441384063506828,2487,1.1956521739130435,1010,0.4857142857142857,1740,0.8363636363636363,4282,2.058823529411765,,,100|9000
301,capture_lv1,,175,布鲁宝,2149,2376,1.1059282822440717,3676,1.7105263157894737,1504,0.7000000000000001,1256,0.5846153846153846,3070,1.4285714285714284,,,119
302,capture_lv1,,807,格里兰,2121,2376,1.1200922266139657,2772,1.3068181818181819,3977,1.875,1623,0.7652173913043477,1131,0.5333333333333333,,,705
303,task_getpet,482,175,布鲁宝,2149,2376,1.1059282822440717,3676,1.7105263157894737,1504,0.7000000000000001,1256,0.5846153846153846,3070,1.4285714285714284,jaruga/event/oev_edb,3000,3000
304,capture_lv1,,102,克克尔,2120,2374,1.1200922266139657,1131,0.5333333333333333,1622,0.7652173913043477,3975,1.875,2770,1.3068181818181819,,,816
305,capture_lv1,,72,呼拔拔,2145,2372,1.1059282822440717,3064,1.4285714285714284,1254,0.5846153846153846,1502,0.7000000000000001,3669,1.7105263157894737,,,100
306,task_getpet,47,72,呼拔拔,2145,2372,1.1059282822440717,3064,1.4285714285714284,1254,0.5846153846153846,1502,0.7000000000000001,3669,1.7105263157894737,jaruga/event/event06_1,20401,20401
307,capture_lv1,,760,克达达,2144,2371,1.1059282822440717,3063,1.4285714285714284,3667,1.7105263157894737,1501,0.7000000000000001,1253,0.5846153846153846,,,200
308,capture_lv1,,62,尼可斯,2142,2369,1.1059282822440717,1252,0.5846153846153846,3060,1.4285714285714284,3664,1.7105263157894737,1499,0.7000000000000001,,,200
309,capture_lv1,,22,加比,2150,2368,1.10125,3359,1.5625,3359,1.5625,1376,0.64,1376,0.64,,,20301
310,capture_lv1,,21,加美,2140,2367,1.1059282822440717,3057,1.4285714285714284,1251,0.5846153846153846,1498,0.7000000000000001,3661,1.7105263157894737,,,20301
311,task_getpet,354,311,布伊德,2069,2367,1.1441384063506825,4260,2.058823529411765,2474,1.1956521739130435,1005,0.4857142857142857,1730,0.8363636363636363,chatroom/luck3,,
312,task_getpet,1482,721,爱丽儿队的加美,2140,2367,1.1059282822440717,3057,1.4285714285714284,1251,0.5846153846153846,1498,0.7000000000000001,3661,1.7105263157894737,poru/mary05,5533,5533
313,capture_lv1,,331,邦洛洛克斯,2139,2366,1.1059282822440717,1250,0.5846153846153846,3056,1.4285714285714284,3659,1.7105263157894737,1497,0.7000000000000001,,,100
314,capture_lv1,,104,里斯基,2060,2357,1.1441384063506825,1001,0.4857142857142857,2463,1.1956521739130435,4241,2.058823529411765,1723,0.8363636363636363,,,200
315,task_getpet,12,4,乌力布鲁,2100,2352,1.120092226613966,2744,1.3068181818181819,1120,0.5333333333333333,1607,0.7652173913043477,3938,1.875,chatroom/luck4,,
316,capture_lv1,,24,加斯,2093,2344,1.1200922266139657,3924,1.875,1602,0.7652173913043477,1116,0.5333333333333333,2735,1.3068181818181819,,,20308
317,capture_lv1,,764,可卡特,2046,2341,1.1441384063506825,2446,1.1956521739130435,4212,2.058823529411765,1711,0.8363636363636363,994,0.4857142857142857,,,708|7025
318,capture_lv1,,810,塔斯夫,2124,2339,1.10125,3319,1.5625,1359,0.64,1359,0.64,3319,1.5625,,,700
319,capture_lv1,,73,多萨金格,2109,2332,1.1059282822440717,3013,1.4285714285714284,3608,1.7105263157894737,1476,0.7000000000000001,1233,0.5846153846153846,,,300
320,capture_lv1,,745,龟之钢,2109,2332,1.1059282822440717,3608,1.7105263157894737,1476,0.7000000000000001,1233,0.5846153846153846,3013,1.4285714285714284,,,60300
321,task_getpet,1579,745,龟之钢,2109,2332,1.1059282822440717,3608,1.7105263157894737,1476,0.7000000000000001,1233,0.5846153846153846,3013,1.4285714285714284,sainasu/event/oev_edc,1000,1000
322,capture_lv1,,181,卡克尔,2081,2331,1.1200922266139657,1110,0.5333333333333333,2719,1.3068181818181819,3902,1.875,1592,0.7652173913043477,,,200
323,task_getpet,303,181,卡克尔,2081,2331,1.1200922266139657,1110,0.5333333333333333,2719,1.3068181818181819,3902,1.875,1592,0.7652173913043477,sainasu/event/rion,100,100
324,capture_lv1,,85,洛克斯,2113,2327,1.10125,3302,1.5625,3302,1.5625,1352,0.64,1352,0.64,,,30692
325,capture_lv1,,809,瑞里西尔,2102,2325,1.1059282822440717,3003,1.4285714285714284,3596,1.7105263157894737,1471,0.7000000000000001,1229,0.5846153846153846,,,60071
326,capture_lv1,,183,鲍,2031,2324,1.1441384063506825,4181,2.058823529411765,2428,1.1956521739130435,986,0.4857142857142857,1699,0.8363636363636363,,,20102
327,capture_lv1,,293,霍尔克,2075,2324,1.1200922266139657,3891,1.875,2712,1.3068181818181819,1107,0.5333333333333333,1588,0.7652173913043477,,,200
328,capture_lv1,,101,克雷尔,2099,2321,1.1059282822440717,1469,0.7000000000000001,3590,1.7105263157894737,2999,1.4285714285714284,1227,0.5846153846153846,,,200
329,capture_lv1,,51,龟之盾,2066,2314,1.1200922266139657,3874,1.875,2700,1.3068181818181819,1102,0.5333333333333333,1581,0.7652173913043477,,,100
330,task_getpet,310,194,金格萨贝鲁,2066,2314,1.1200922266139657,3874,1.875,2700,1.3068181818181819,1102,0.5333333333333333,1581,0.7652173913043477,chatroom/luck2,,
331,capture_lv1,,182,巴克,2087,2308,1.1059282822440717,3570,1.7105263157894737,1461,0.7000000000000001,1220,0.5846153846153846,2981,1.4285714285714284,,,200
332,capture_lv1,,112,凯比,2016,2306,1.1441384063506825,4151,2.058823529411765,2410,1.1956521739130435,979,0.4857142857142857,1686,0.8363636363636363,,,816
333,capture_lv1,,31,乌宝宝,2051,2297,1.1200922266139657,3846,1.875,2680,1.3068181818181819,1094,0.5333333333333333,1569,0.7652173913043477,,,200|9000
334,task_getpet,484,315,邦达霍恩,2085,2296,1.10125,3258,1.5625,1334,0.64,1334,0.64,3258,1.5625,king/event69_24,30670,30670
335,capture_lv1,,32,威威,2073,2292,1.1059282822440717,2961,1.4285714285714284,1212,0.5846153846153846,1451,0.7000000000000001,3546,1.7105263157894737,,,200|9000
336,capture_lv1,,772,欧林吉鲁,2069,2288,1.1059282822440717,2956,1.4285714285714284,1210,0.5846153846153846,1448,0.7000000000000001,3539,1.7105263157894737,,,706
337,capture_lv1,,34,威伯,2068,2287,1.1059282822440717,2954,1.4285714285714284,3537,1.7105263157894737,1448,0.7000000000000001,1209,0.5846153846153846,,,816
338,capture_lv1,,291,火鸡,2039,2284,1.1200922266139657,3823,1.875,1560,0.7652173913043477,1087,0.5333333333333333,2665,1.3068181818181819,,,100
339,capture_lv1,,758,拉斯基,2061,2279,1.1059282822440717,2944,1.4285714285714284,1205,0.5846153846153846,1443,0.7000000000000001,3525,1.7105263157894737,,,706
340,task_getpet,1375,695,火的守护兽,1856,2274,1.225,1856,1.0,742,0.39999999999999997,1856,1.0,4640,2.5,genout/msg_116_37_20,116,116
341,capture_lv1,,52,绿龟,2049,2266,1.1059282822440717,2927,1.4285714285714284,3505,1.7105263157894737,1434,0.7000000000000001,1198,0.5846153846153846,,,100
342,task_getpet,1733,854,动物园养的拉斯基,2047,2264,1.1059282822440717,2924,1.4285714285714284,1197,0.5846153846153846,1433,0.7000000000000001,3501,1.7105263157894737,eden1/zoo2/event83_19,60045,60045
343,capture_lv1,,1,乌力,1976,2261,1.1441384063506828,1653,0.8363636363636363,4068,2.058823529411765,2363,1.1956521739130435,960,0.4857142857142857,,,100|11304|11305
344,capture_lv1,,97,森林乌力,1976,2261,1.1441384063506828,1653,0.8363636363636363,4068,2.058823529411765,2363,1.1956521739130435,960,0.4857142857142857,,,8220
345,capture_lv1,,184,卡拉卡利,2014,2256,1.1200922266139657,2632,1.3068181818181819,3776,1.875,1541,0.7652173913043477,1074,0.5333333333333333,,,20104
346,capture_lv1,,111,卡比特,2011,2253,1.120092226613966,2628,1.3068181818181819,1073,0.5333333333333333,1539,0.7652173913043477,3771,1.875,,,100
347,capture_lv1,,103,克洛尔,2025,2240,1.1059282822440717,1418,0.7000000000000001,1184,0.5846153846153846,2893,1.4285714285714284,3464,1.7105263157894737,,,200
348,capture_lv1,,762,昆依特,2025,2240,1.1059282822440717,1418,0.7000000000000001,3464,1.7105263157894737,2893,1.4285714285714284,1184,0.5846153846153846,,,708|7025
349,task_getpet,1376,696,风的守护兽,1897,2170,1.1441384063506828,3906,2.058823529411765,1587,0.8363636363636363,921,0.4857142857142857,2268,1.1956521739130435,genout/msg_116_37_20,116,116
350,capture_lv1,,113,昆伊,1921,2116,1.10125,3002,1.5625,1229,0.64,1229,0.64,3002,1.5625,,,100
351,task_getpet,1373,693,大地守护兽,1711,2096,1.225,1711,1.0,4278,2.5,1711,1.0,684,0.39999999999999997,genout/msg_116_37_20,116,116
352,task_getpet,2080,1060,雷帝斯洛,2507,1003,0.39999999999999997,1003,0.39999999999999997,1003,0.39999999999999997,1003,0.39999999999999997,1003,0.39999999999999997,genout/msg_116_37_20,116,116
